{"cameraMode":{"drawMode":0,"name":"Shaded","section":"Shading Mode"},"sceneLighting":false,"audioPlay":false,"sceneViewState":{"showFog":true,"showMaterialUpdate":false,"showSkybox":false,"showFlares":true,"showImageEffects":true,"showParticleSystems":true},"in2DMode":false,"pivot":{"x":55.24183654785156,"y":450.93359375,"z":-500.85113525390627},"rotation":{"x":-0.1036229357123375,"y":-0.0023897818755358459,"z":0.0002490559418220073,"w":-0.99461430311203},"size":2.095215082168579,"orthographic":false}